{ "columns":0,
 "grid":
    {
     "height":1,
     "orientation":"orthogonal",
     "width":1
    },
 "margin":0,
 "name":"moveis",
 "spacing":0,
 "tilecount":1,
 "tiledversion":"1.7.2",
 "tileheight":512,
 "tiles":[
        {
         "id":0,
         "image":"..\/..\/..\/Users\/Gustavo\/Downloads\/tilesets_fsm_rm2k3_para_vx_ace__set_escritorio_by_milkian_darwtlj.png",
         "imageheight":512,
         "imagewidth":512
        }],
 "tilewidth":512,
 "type":"tileset",
 "version":"1.6"
}